<?xml version="1.0" encoding="UTF-8"?>
<SQLReservedWords>
	<FLOAT type="keyword"/>
	<SMALLINT type="keyword"/>
	<READ_ONLY type="keyword"/>
	<TRY type="keyword"/>
	<CATCH  type="keyword"/>
	<TEXTPTR  type="compare"/>
	<TEXTVALID  type="compare"/>
	<ASCII type="compare"/>
	<NCHAR type="compare"/>
	<SOUNDEX type="compare"/>
	<CHAR type="compare"/>
	<PATINDEX type="compare"/>
	<SPACE type="compare"/>
	<CHARINDEX type="compare"/>
	<REPLACE type="compare"/>
	<STR type="compare"/>
	<DIFFERENCE type="compare"/>
	<QUOTENAME type="compare"/>
	<STUFF type="compare"/>
	<REPLICATE type="compare"/>
	<LEN type="compare"/>
	<REVERSE type="compare"/>
	<UNICODE type="compare"/>
	<LOWER type="compare"/>
	<UPPER type="compare"/>
	<LTRIM type="compare"/>
	<RTRIM type="compare"/>
	<ATN2 type="compare"/>
	<ATAN type="compare"/>
	<ASIN type="compare"/>
	<ABS type="compare"/>
	<ACOS type="compare"/>
	<ADD type="keyword"/>
	<ALL type="keyword"/>
	<ALTER type="keyword"/>
	<AND type="operator"/>
	<ANY type="operator"/>
	<AS type="keyword"/>
	<ASC type="keyword"/>
	<AUTHORIZATION type="keyword"/>
	<BACKUP type="keyword"/>
	<BEGIN type="keyword"/>
	<BETWEEN type="operator"/>
	<BIT type="keyword"/>
	<BREAK type="keyword"/>
	<BROWSE type="keyword"/>
	<BULK type="keyword"/>
	<BY type="keyword"/>
	<CASCADE type="keyword"/>
	<CASE type="compare"/>
	<CAST type="compare"/>
	<CEILING type="compare"/>
	<CHECK type="keyword"/>
	<CHECKPOINT type="keyword"/>
	<CLOSE type="keyword"/>
	<CLUSTERED type="keyword"/>
	<COALESCE type="compare"/>
	<COLLATE type="keyword"/>
	<COLUMN type="keyword"/>
	<COMMIT type="keyword"/>
	<COMPUTE type="keyword"/>
	<CONSTRAINT type="keyword"/>
	<CONTAINS type="keyword"/>
	<CONTAINSTABLE type="keyword"/>
	<CONTINUE type="keyword"/>
	<CONVERT type="compare"/>
	<COS type="compare"/>
	<COT type="compare"/>
	<COUNT type="compare"/>
	<CREATE type="keyword"/>
	<CROSS type="keyword"/>
	<CURRENT type="keyword"/>
	<CURRENT_DATE type="keyword"/>
	<CURRENT_TIME type="keyword"/>
	<CURRENT_TIMESTAMP type="keyword"/>
	<CURRENT_USER type="keyword"/>
	<CURSOR type="keyword"/>
	<CURSOR_STATUS type="compare"/>
	<DATALENGTH type="compare"/>
	<DATEDIFF type="compare"/>
	<DATEADD type="compare"/>
	<DATENAME type="compare"/>
	<DATEPART type="compare"/>
	<DATETIME type="keyword"/>
	<SMALLDATETIME type="keyword"/>
	<DATABASE type="keyword"/>
	<DAY type="compare"/>
	<DBCC type="keyword"/>
	<DEALLOCATE type="keyword"/>
	<DEGREES type="compare"/>
	<DECLARE type="keyword"/>
	<DECIMAL type="keyword" />
	<DEFAULT type="keyword"/>
	<DELETE type="keyword"/>
	<DENY type="keyword"/>
	<DESC type="keyword"/>
	<DISK type="keyword"/>
	<DISTINCT type="keyword"/>
	<DISTRIBUTED type="keyword"/>
	<DOUBLE type="keyword"/>
	<DROP type="keyword"/>
	<DUMMY type="keyword"/>
	<DUMP type="keyword"/>
	<ELSE type="keyword"/>
	<EXP type="compare"/>
	<END type="keyword"/>
	<ERRLVL type="keyword"/>
	<ESCAPE type="keyword"/>
	<EXCEPT type="keyword"/>
	<EXEC type="keyword"/>
	<EXECUTE type="keyword"/>
	<EXISTS type="operator"/>
	<EXIT type="keyword"/>
	<FETCH type="keyword"/>
	<FILE type="keyword"/>
	<FILLFACTOR type="keyword"/>
	<FLOOR type="compare"/>
	<FOR type="keyword"/>
	<FOREIGN type="keyword"/>
	<FREETEXT type="keyword"/>
	<FREETEXTTABLE type="keyword"/>
	<FROM type="keyword"/>
	<FULL type="keyword"/>
	<FUNCTION type="keyword"/>
	<GETDATE type="compare"/>
	<GETUTCDATE type="compare"/>
	<GOTO type="keyword"/>
	<GRANT type="keyword"/>
	<GROUP type="keyword"/>
	<HAVING type="keyword"/>
	<HOLDLOCK type="keyword"/>
	<IDENTITY type="keyword"/>
	<IDENTITY_INSERT type="keyword"/>
	<IDENTITYCOL type="keyword"/>
	<IF type="keyword"/>
	<IN type="operator"/>
	<INT type="keyword"/>
	<SMALLINT type="keyword"/>
	<INDEX type="keyword"/>
	<INNER type="keyword"/>
	<INSERT type="keyword"/>
	<INTERSECT type="keyword"/>
	<INTO type="keyword"/>
	<IS type="keyword"/>
	<ISNULL type="compare"/>
	<JOIN type="operator"/>
	<KEY type="keyword"/>
	<KILL type="keyword"/>
	<LEFT type="compare"/>
	<LIKE type="operator"/>
	<LINENO type="keyword"/>
	<LOG type="compare"/>
	<LOG10 type="compare"/>
	<LOAD type="keyword"/>
	<MONTH type="compare"/>
	<NATIONAL type="keyword"/>
	<NEWID type="compare"/>
	<NOCHECK type="keyword"/>
	<NOLOCK type="keyword"/>
	<NONCLUSTERED type="keyword"/>
	<NOT type="operator"/>
	<NULL type="operator"/>
	<NULLIF type="keyword"/>
	<NVARCHAR type="keyword"/>
	<OF type="keyword"/>
	<OFF type="keyword"/>
	<OFFSETS type="keyword"/>
	<ON type="keyword"/>
	<OPEN type="keyword"/>
	<OPENDATASOURCE type="keyword"/>
	<OPENQUERY type="keyword"/>
	<OPENROWSET type="keyword"/>
	<OPENXML type="keyword"/>
	<OPTION type="keyword"/>
	<OR type="operator"/>
	<ORDER type="keyword"/>
	<OUTER type="operator"/>
	<OUTPUT type="keyword"/>
	<OVER type="keyword"/>
	<POWER type="compare"/>
	<PI type="compare"/>
	<PERCENT type="keyword"/>
	<PLAN type="keyword"/>
	<PRECISION type="keyword"/>
	<PRIMARY type="keyword"/>
	<PRINT type="keyword"/>
	<PROC type="keyword"/>
	<PROCEDURE type="keyword"/>
	<PUBLIC type="keyword"/>
	<RAISERROR type="keyword"/>
	<RAND type="compare"/>
	<RADIANS type="compare"/>
	<READPAST type="keyword"/>
	<ROUND type="compare"/>
	<READ type="keyword"/>
	<READTEXT type="keyword"/>
	<RECONFIGURE type="keyword"/>
	<REFERENCES type="keyword"/>
	<REPLICATION type="keyword"/>
	<RESTORE type="keyword"/>
	<RESTRICT type="keyword"/>
	<RETURN type="keyword"/>
	<RETURNS type="keyword"/>
	<REVOKE type="keyword"/>
	<RIGHT type="compare"/>
	<ROLLBACK type="keyword"/>
	<ROWCOUNT type="keyword"/>
	<ROWGUIDCOL type="keyword"/>
	<RULE type="keyword"/>
	<SIGN type="compare"/>
	<SIN type="compare"/>
	<SQUARE type="compare"/>
	<SAVE type="keyword"/>
	<SCHEMA type="keyword"/>
	<SELECT type="keyword"/>
	<SESSION_USER type="keyword"/>
	<SET type="keyword"/>
	<SETUSER type="keyword"/>
	<SHUTDOWN type="keyword"/>
	<SOME type="keyword"/>
	<STATISTICS type="keyword"/>
	<SYSTEM_USER type="keyword"/>
	<SQRT type="compare"/>
	<TAN type="compare"/>
	<TABLE type="keyword"/>
	<TEXTSIZE type="keyword"/>
	<THEN type="keyword"/>
	<TO type="keyword"/>
	<TOP type="keyword"/>
	<TRAN type="keyword"/>
	<TRANSACTION type="keyword"/>
	<TRIGGER type="keyword"/>
	<TRUNCATE type="keyword"/>
	<TSEQUAL type="keyword"/>
	<YEAR type="compare"/>
	<UNION type="keyword"/>
	<UNIQUE type="keyword"/>
	<UNIQUEIDENTIFIER type="keyword"/>
	<UPDATE type="keyword"/>
	<UPDATETEXT type="keyword"/>
	<USE type="keyword"/>
	<USER type="keyword"/>
	<WAITFOR type="keyword"/>
	<VARCHAR type="keyword"/>
	<VALUES type="keyword"/>
	<VARYING type="keyword"/>
	<WHEN type="keyword"/>
	<WHERE type="keyword"/>
	<WHILE type="keyword"/>
	<VIEW type="keyword"/>
	<WITH type="keyword"/>
	<WRITETEXT type="keyword"/>
	<SUBSTRING type="compare"/>
	<MONEY type="keyword"/> 
</SQLReservedWords>
