<Type Name="NodeInterface" FullName="Algorithm.Diff.NodeInterface">
  <TypeSignature Language="C#" Value="public abstract class NodeInterface" />
  <AssemblyInfo>
    <AssemblyName>Diff</AssemblyName>
    <AssemblyVersion>0.0.0.0</AssemblyVersion>
  </AssemblyInfo>
  <Base>
    <BaseTypeName>System.Object</BaseTypeName>
  </Base>
  <Interfaces />
  <Members>
    <Member MemberName=".ctor">
      <MemberSignature Language="C#" Value="protected NodeInterface ();" />
      <MemberType>Constructor</MemberType>
      <Parameters />
      <Docs>
        <summary>To be added.</summary>
        <remarks>To be added.</remarks>
      </Docs>
    </Member>
    <Member MemberName="GetChildren">
      <MemberSignature Language="C#" Value="public abstract System.Collections.IList GetChildren (object node);" />
      <MemberType>Method</MemberType>
      <ReturnValue>
        <ReturnType>System.Collections.IList</ReturnType>
      </ReturnValue>
      <Parameters>
        <Parameter Name="node" Type="System.Object" />
      </Parameters>
      <Docs>
        <param name="node">To be added.</param>
        <summary>To be added.</summary>
        <returns>To be added.</returns>
        <remarks>To be added.</remarks>
      </Docs>
    </Member>
    <Member MemberName="Compare">
      <MemberSignature Language="C#" Value="public abstract float Compare (object left, object right, Algorithm.Diff.StructuredDiff comparer);" />
      <MemberType>Method</MemberType>
      <ReturnValue>
        <ReturnType>System.Single</ReturnType>
      </ReturnValue>
      <Parameters>
        <Parameter Name="left" Type="System.Object" />
        <Parameter Name="right" Type="System.Object" />
        <Parameter Name="comparer" Type="Algorithm.Diff.StructuredDiff" />
      </Parameters>
      <Docs>
        <param name="left">To be added.</param>
        <param name="right">To be added.</param>
        <param name="comparer">To be added.</param>
        <summary>To be added.</summary>
        <returns>To be added.</returns>
        <remarks>To be added.</remarks>
      </Docs>
    </Member>
    <Member MemberName="GetHashCode">
      <MemberSignature Language="C#" Value="public virtual int GetHashCode (object node);" />
      <MemberType>Method</MemberType>
      <ReturnValue>
        <ReturnType>System.Int32</ReturnType>
      </ReturnValue>
      <Parameters>
        <Parameter Name="node" Type="System.Object" />
      </Parameters>
      <Docs>
        <param name="node">To be added.</param>
        <summary>To be added.</summary>
        <returns>To be added.</returns>
        <remarks>To be added.</remarks>
      </Docs>
    </Member>
  </Members>
  <Docs>
    <summary>This is a utility class for structured diffs and is not yet documented.</summary>
    <remarks>None.</remarks>
  </Docs>
</Type>
