<Type Name="XmlOutputNodeInterface" FullName="Algorithm.Diff.XmlOutputNodeInterface">
  <TypeSignature Language="C#" Value="public interface XmlOutputNodeInterface" />
  <AssemblyInfo>
    <AssemblyName>Diff</AssemblyName>
    <AssemblyVersion>0.0.0.0</AssemblyVersion>
  </AssemblyInfo>
  <Members>
    <Member MemberName="WriteBeginNode">
      <MemberSignature Language="C#" Value="public void WriteBeginNode (object left, object right, System.Xml.XmlWriter output);" />
      <MemberType>Method</MemberType>
      <ReturnValue>
        <ReturnType>System.Void</ReturnType>
      </ReturnValue>
      <Parameters>
        <Parameter Name="left" Type="System.Object" />
        <Parameter Name="right" Type="System.Object" />
        <Parameter Name="output" Type="System.Xml.XmlWriter" />
      </Parameters>
      <Docs>
        <param name="left">To be added.</param>
        <param name="right">To be added.</param>
        <param name="output">To be added.</param>
        <summary>To be added.</summary>
        <remarks>To be added.</remarks>
      </Docs>
    </Member>
    <Member MemberName="WriteNodeChildren">
      <MemberSignature Language="C#" Value="public void WriteNodeChildren (object node, System.Xml.XmlWriter output);" />
      <MemberType>Method</MemberType>
      <ReturnValue>
        <ReturnType>System.Void</ReturnType>
      </ReturnValue>
      <Parameters>
        <Parameter Name="node" Type="System.Object" />
        <Parameter Name="output" Type="System.Xml.XmlWriter" />
      </Parameters>
      <Docs>
        <param name="node">To be added.</param>
        <param name="output">To be added.</param>
        <summary>To be added.</summary>
        <remarks>To be added.</remarks>
      </Docs>
    </Member>
  </Members>
  <Docs>
    <summary>The is used for structured diffs and is not yet documented.</summary>
    <remarks>To be added.</remarks>
  </Docs>
  <Interfaces />
</Type>
